{"id":"153a4377-cde7-4b53-a1d3-18586c1c761a","name":"CLotU Cards","indexCards":[{"id":"7e478cf0-0477-41bf-988e-6d96de555435","titleLabel":"<br>","title":"Crisis Countdown","contentLabel":"Notes","content":"A reference for the steps of the Crisis Countdown.","color":"#fff","playedDuringTurn":false,"pinned":true,"blocks":[],"subCards":[{"id":"493a196b-144a-4ab0-b51f-89563cc8d944","titleLabel":"Index Card","title":"5. Set the Scene","contentLabel":"Notes","content":"","color":"#fff","playedDuringTurn":false,"pinned":false,"blocks":[{"id":"74add6dc-0785-4759-b5b3-60513dc23a74","label":"scene power words<br>","type":"Text","value":"","meta":{}}],"subCards":[],"sub":true},{"id":"8004dc24-fae6-42ea-abb8-99152a43872f","titleLabel":"Index Card","title":"4. Hero Roll-Call","contentLabel":"Notes","content":"","color":"#fff","playedDuringTurn":false,"pinned":false,"blocks":[{"id":"29e4e0b9-ef17-4741-9298-0ed0b7aaad0a","label":"heroes present<br>","type":"Text","value":"","meta":{}},{"id":"eba7482b-2fc0-4354-b794-01d56e044d34","label":"heroes not present<br>","type":"Text","value":"","meta":{}}],"subCards":[],"sub":true},{"id":"b9f9598e-f9f6-4084-890f-f69667f82791","titleLabel":"Index Card","title":"3. Define the Goals","contentLabel":"Notes","content":"Smash<br>Outwit<br>Allay<br>Rescue<br>","color":"#fff","playedDuringTurn":false,"pinned":false,"blocks":[],"subCards":[],"sub":true},{"id":"84899993-12af-42eb-b30d-6171398733d1","titleLabel":"Index Card","title":"2. Form the Teamwork Pool","contentLabel":"Notes","content":"","color":"#fff","playedDuringTurn":false,"pinned":false,"blocks":[],"subCards":[],"sub":true},{"id":"619dcde2-54c7-4eab-ab65-b08a86498721","titleLabel":"Index Card","title":"1. Start the Crisis!","contentLabel":"Notes","content":"This Crisis ain't gonna start itself.","color":"#fff","playedDuringTurn":false,"pinned":false,"blocks":[],"subCards":[],"sub":true}],"sub":false},{"id":"c91f4727-118f-4f9c-b08c-b97cb784a8fe","titleLabel":"<br>","title":"Hero Phase","contentLabel":"Notes","content":"All the heroes can make a Move during the Hero Phase.","color":"#fff","playedDuringTurn":false,"pinned":false,"blocks":[],"subCards":[],"sub":false},{"id":"14bf169e-1b3c-4fed-a14e-237b4f06966c","titleLabel":"<br>","title":"Crisis Phase","contentLabel":"Notes","content":"The Editor makes Crisis Moves during the Crisis Phase.","color":"#fff","playedDuringTurn":false,"pinned":false,"blocks":[],"subCards":[],"sub":false}],"version":1,"lastUpdated":1646822734,"fariType":"index-card-template"}