{"id":"2a57f2d7-3336-4142-bf00-e8d52dcc34e1","name":"Hero Name Here!","group":"Cosmic Legends","lastUpdated":1646822555,"wide":false,"pages":[{"id":"3c9177c5-8b6c-4dc9-9b69-e1d16fd690c2","label":"Basics","rows":[{"columns":[{"sections":[{"id":"8346771b-a049-404e-8b8e-96745a21ae5a","label":"Approaches","blocks":[{"id":"eff7371e-1761-4e1a-920f-cbdd2b39f1d3","label":"Action","type":"PointCounter","meta":{"isMainPointCounter":false,"width":0.5},"value":"1"},{"id":"aae65a39-bb61-4f0d-87b6-946c42df0dd4","label":"Adventure","type":"PointCounter","meta":{"isMainPointCounter":false,"width":0.5},"value":"1"},{"id":"5fd5c1bf-2704-4085-ad4c-d0887b074ae5","label":"detective","type":"PointCounter","meta":{"isMainPointCounter":false,"width":0.5},"value":"1"},{"id":"67a3c4b9-ce7d-4dac-ab72-88f083883378","label":"mystery","type":"PointCounter","meta":{"isMainPointCounter":false,"width":0.5},"value":"1"},{"id":"d266ff64-d8b3-4184-8903-9c085332d34c","label":"suspense","type":"PointCounter","meta":{"isMainPointCounter":false,"width":0.5},"value":"1"},{"id":"7591774c-431d-49dd-905e-f48296ae3ef1","label":"Setting your approaches","type":"Text","value":"All of your Approaches start at 1.\nYou have 5 more points to distribute as you wish.\n","meta":{}}],"visibleOnCard":true}]},{"sections":[{"id":"dfbf658d-a043-4771-a6ce-1cc6aad2c2f5","label":"Hero Class &amp; volume","blocks":[{"id":"c3e224af-b270-44a3-97d2-db6c05b7641e","label":"Class","type":"Text","value":"","meta":{"width":1,"helperText":"Your class name"}},{"id":"cbb96110-18ca-4804-af19-6487547a1342","label":"volume","type":"PointCounter","meta":{"max":"5","isMainPointCounter":false,"width":1,"helperText":"The Volume number. It could exceed 5 if you want."},"value":"1"},{"id":"039f0c1c-2c73-4c64-9735-6b8e119e74b5","label":"Class Notes<br>","type":"Text","value":"","meta":{"helperText":"You can record information about your Class here if you wish."}}],"visibleOnCard":true},{"id":"c98fa1ab-6fdf-466b-bb54-af70afa9483d","label":"Health &amp; might","blocks":[{"id":"ce3cfd10-7308-4567-93d5-ce119e953a52","label":"Health","type":"PointCounter","meta":{"max":"10","isMainPointCounter":true,"width":0.5,"helperText":""},"value":"10"},{"id":"2984de30-b874-4822-b0c2-8611281e41e8","label":"might","type":"PointCounter","meta":{"max":"10","isMainPointCounter":false,"width":0.5},"value":"10"},{"id":"933f26a1-44b4-4d2d-a5af-d19d3d041ff4","label":"HEalth &amp; Might Scores","type":"Text","value":"Your maximum Health and Might both start at 10, and can be increased by Advancements and Abilities.","meta":{}}],"visibleOnCard":true}]}]}]},{"id":"d6b04f57-2c2a-4879-a49d-baeb66df91e9","label":"identity","rows":[{"columns":[{"sections":[{"id":"7f602ee9-2822-4afa-a600-2942b59e1e5d","label":"bio","blocks":[{"id":"b6d4e94b-9cff-40c6-a8b6-9fa72d5f9576","label":"full name/a.k.a.","type":"Text","value":"","meta":{"checked":false,"helperText":"Check if identity is SECRET"}},{"id":"4e30357e-c244-4ee2-a626-48196cd73849","label":"pronouns","type":"Text","value":"","meta":{"helperText":"In CLotU, we respect pronouns.<br><br>Pronouns don't need to \"match\" gender.<br>"}},{"id":"b63163d0-d34b-4f48-936e-0f5555f1ad89","label":"Team name","type":"Text","value":"","meta":{"checked":false,"helperText":"Check if active member"}},{"id":"4e78af77-a93c-4976-9cb1-fc17f9489f8b","label":"backstory notes","type":"Separator","meta":{"hasLabel":true,"helperText":"All of the following are optional fields you can use."},"value":""},{"id":"5357e362-d48c-40a3-953e-5b7204bcf984","label":"other aliases","type":"Text","value":"","meta":{}},{"id":"037f627a-657d-4208-ac32-9c5c049a9b9c","label":"home town","type":"Text","value":"","meta":{}},{"id":"8ba1eb18-29a1-4243-8357-84adf384f132","label":"residence","type":"Text","value":"","meta":{}},{"id":"32e3f48d-cbce-4d2c-946a-dbdc31847b40","label":"occupation","type":"Text","value":"","meta":{}},{"id":"dee89eb7-f0e0-46f5-9851-6244dce3a440","label":"known relatives","type":"Text","value":"","meta":{}},{"id":"ceb19530-2089-4784-9449-8dc0a30c33f8","label":"Other notes","type":"Text","value":"","meta":{}},{"id":"745404bb-df3d-4124-bb0a-c085579e8553","label":"origin story","type":"Text","value":"","meta":{}},{"id":"fb68d217-2ef3-41a1-97f6-ddd57df537b1","label":"other group affiliations","type":"Text","value":"","meta":{}}],"visibleOnCard":false}]},{"sections":[{"id":"4d6fbf58-5328-4276-b2cc-473e3bb5ba3a","label":"pictures &amp; artwork","blocks":[{"id":"b5459251-4d35-4b2f-a6b0-00118130c48c","label":"Your hero's picture here","type":"Image","meta":{"helperText":"Click to upload a picture."},"value":""},{"id":"020dc2fa-1b8a-42f9-8fd3-e0d52dd865c5","label":"close-up","type":"Image","meta":{"width":0.5,"helperText":"Click to upload a smaller picture."},"value":""},{"id":"49e3364b-ea42-4081-8896-5566cde3a1c0","label":"symbol","type":"Image","meta":{"helperText":"Click to upload a symbol.","width":0.5},"value":""}],"visibleOnCard":true},{"id":"f3adbb92-4792-4d04-882f-e81159ade8b1","label":"description","blocks":[{"id":"e2909186-8b00-4ab4-aa36-8a9420bfd678","label":"age","type":"Text","value":"","meta":{"width":0.5}},{"id":"64f9e3e9-15b6-4730-9c89-59ed4c6591b7","label":"hair","type":"Text","value":"","meta":{"width":0.5}},{"id":"926094f1-2e21-46f7-a4db-9d4de892a674","label":"eyes","type":"Text","value":"","meta":{"width":0.5}},{"id":"89d99543-bce2-403a-b199-7096e0ab667b","label":"height","type":"Text","value":"","meta":{"width":0.5}},{"id":"fe7b6ec5-3140-4c50-a5c3-821ae33def70","label":"weight","type":"Text","value":"","meta":{"width":0.5}},{"id":"d9d368c9-ce00-4c3e-888b-167ba3bf8bd8","label":"longer description","type":"Text","value":"","meta":{}},{"id":"25c6f698-6048-4949-ae05-aa3ed7bc2a73","label":"other description notes","type":"Text","value":"","meta":{}}],"visibleOnCard":true}]}]}]},{"id":"109a65e7-f0b0-4649-8085-79dad8b81f53","label":"Power Words","rows":[{"columns":[{"sections":[{"id":"8d502fbd-1105-4858-8101-ec064b6f58e9","label":"Power Words","blocks":[{"id":"4a5fbe11-9102-4f96-97e8-cffa7768273b","label":"Core power words","type":"Text","value":"","meta":{"helperText":"From your class."}},{"id":"e37c3190-c04b-4bd0-99e7-4c6c8a7d3039","label":"personal power words","type":"Text","value":"","meta":{"helperText":"Usually from your class."}},{"id":"cf76b091-2e81-4def-868d-08dbf997af39","label":"nova power words","type":"Text","value":"","meta":{"checked":false,"helperText":"Check when Nova Power Words are unlocked.<br>"}},{"id":"e802b5d7-b427-4a28-b3af-ca39ac728e22","label":"Other Power Words","type":"Text","value":"","meta":{"helperText":"Some classes have additional types of Power Words, such as Vehicle Scene Power Words, Element Power Words, Energy Power Words, and Totem Nature Power Words.<br><br>Record those here.<br>"}},{"id":"a0fa84fc-184d-480e-a0fb-1decd6cb997c","label":"power word notes<br>","type":"Text","value":"","meta":{"helperText":"You can record notes about your Power Words here."}}],"visibleOnCard":true}]},{"sections":[{"id":"261965d9-8098-48fa-ac9b-837e20448d56","label":"instructions","blocks":[{"id":"ae180437-2bb0-48b4-bf15-e6a461472c9a","label":"Adding power words","type":"Text","value":"Your Core Power Words come from your class.\r\nYour Personal Power Words usually do, too.\nYour Nova Power Words are freely chosen; up to four total.\r\n\nSome Abilities let you add additional Power Words.\r\n\nIn addition, you can use Advances to add more Power Words after the completion of a Storyline.\n\r\n","meta":{}},{"id":"981027ff-e275-4152-93e7-a7214955818b","label":"Using Power Words","type":"Text","value":"You can use your Power Words in Power Displays, Stunts, or Combos.","meta":{}},{"id":"7ee2d2eb-2e62-485d-b3a3-ae1c5eb8d471","label":"Power Displays","type":"Text","value":"A Power Display uses one of your Power Words plus an Approach.\r\n\nYou have 1 die per point of that Approach in your dice pool, plus 1 for the Power Word.\n\nThe first Power Word is free; each additional Power Word adds an additional die but costs 1 Might.\n\r\n","meta":{}},{"id":"63118c83-49f5-4527-addc-03f866679e6b","label":"Power Stunts","type":"Text","value":"A Power Stunt uses two or more of your Power Words plus an Approach.\n\r\nYou have 1 die per point of that Approach in your dice pool, plus 1 for each Power Word.\n\nThe first Power Word is free; each additional Power Word adds an additional die but costs 1 Might.\n\r\n","meta":{}},{"id":"8a2dc6cc-efee-43a8-81b1-4ab9ebf8070b","label":"Power combos","type":"Text","value":"A Power Power uses one or more of your Power Words plus an Approach, plus one or more Power Words from another Hero.\r\n\nYou have 1 die per point of that Approach in your dice pool, plus 1 for each Power Word.\n\nThe first Power Word for each Hero is free; each additional Power Word adds an additional die but costs 1 Might.\n\r\n","meta":{}},{"id":"6c0accaa-7dfd-444e-ad04-545a29b3869b","label":"Cooldown","type":"Text","value":"After you use a Power Word in a Power Display, Power Stunt, or Power Combo, it goes on Cooldown until the start of the next Hero Phase.\n\r\nPower Words on Cooldown can't be used in other Heroes' Power Combos.\n","meta":{}},{"id":"b0c9c043-18d5-4bd4-94f9-083d3fa4579f","label":"Nova Power Words","type":"Text","value":"At the start of each Storyline, your Nova Power Words are locked and can't be used in Power Displays, Stunts, or Combos.\n\r\nYou unlock your Nova Power Words by marking all five of your Ideals.\n\nWhen you unlock your Nova Power Words, reset your Might to its maximum value.\n\r\n","meta":{}}]}]}]}]},{"id":"7b6c44fd-7f8c-4286-99b3-6acb26c1d191","label":"Skills","rows":[{"columns":[{"sections":[{"id":"20d8a983-fd3d-4e1b-819a-6612d768ba61","label":"skills and specialties","blocks":[{"id":"f3078576-476f-464a-bea6-e841247bdd9e","label":"Academic","type":"Text","value":"","meta":{"checked":false,"helperText":"Optional specialty","width":0.5}},{"id":"7c8cb865-d8ab-4f32-86b6-4ad657a43e14","label":"Artist","type":"Text","value":"","meta":{"checked":false,"helperText":"Optional specialty","width":0.5}},{"id":"1849eb37-b9d7-4b67-841a-61bf54db3047","label":"bureaucrat","type":"Text","value":"","meta":{"checked":false,"helperText":"Optional specialty","width":0.5}},{"id":"d3a199a3-80b9-4f94-a59e-11d60486aae9","label":"criminal","type":"Text","value":"","meta":{"checked":false,"helperText":"Optional specialty","width":0.5}},{"id":"3d9e75cb-6e91-43bb-83ae-525edd961753","label":"deputy","type":"Text","value":"","meta":{"checked":false,"helperText":"Optional specialty","width":0.5}},{"id":"3854cd9e-0185-4c8a-97fd-7d476895c8f4","label":"engineer","type":"Text","value":"","meta":{"checked":false,"helperText":"Optional specialty","width":0.5}},{"id":"7855a253-8c65-413a-adea-337066c268b0","label":"explorer","type":"Text","value":"","meta":{"checked":false,"helperText":"Optional specialty","width":0.5}},{"id":"880fd2a7-0943-406a-8ca2-d6a81d64a628","label":"hacker","type":"Text","value":"","meta":{"checked":false,"helperText":"Optional specialty","width":0.5}},{"id":"b0845d7e-4dcd-4302-8a6a-1acf1d45e81d","label":"historian","type":"Text","value":"","meta":{"checked":false,"helperText":"Optional specialty","width":0.5}},{"id":"5a78ae83-d0ef-48f0-b87b-164375611fa8","label":"investigator","type":"Text","value":"","meta":{"checked":false,"helperText":"Optional specialty","width":0.5}},{"id":"2705b21f-8a14-4155-b3b3-cca5197150ee","label":"journalist","type":"Text","value":"","meta":{"checked":false,"helperText":"Optional specialty","width":0.5}},{"id":"1bac19ba-5247-49b5-878f-ec257d97ad95","label":"lawyer","type":"Text","value":"","meta":{"checked":false,"helperText":"Optional specialty","width":0.5}},{"id":"48532449-a205-4330-a3cb-abbd1d28e5ec","label":"mystic","type":"Text","value":"","meta":{"checked":false,"helperText":"Optional specialty","width":0.5}},{"id":"afafd07d-d468-4388-b716-006ff4ff9218","label":"performer","type":"Text","value":"","meta":{"checked":false,"helperText":"Optional specialty","width":0.5}},{"id":"9bd08b59-2c86-4c4a-a77a-a28648f035be","label":"physician","type":"Text","value":"","meta":{"checked":false,"helperText":"Optional specialty","width":0.5}},{"id":"73498052-b65a-4a0d-a728-850f40e7ec20","label":"pilot","type":"Text","value":"","meta":{"checked":false,"helperText":"Optional specialty","width":0.5}},{"id":"c6e7e3fe-78b2-4d91-bb91-6c5caa7c0476","label":"politician","type":"Text","value":"","meta":{"checked":false,"helperText":"Optional specialty","width":0.5}},{"id":"7706cd17-1fb3-4b83-b452-796c93f052c8","label":"scientist","type":"Text","value":"","meta":{"checked":false,"helperText":"Optional specialty","width":0.5}},{"id":"199242a9-5b22-4f36-a981-4c669adbcbea","label":"socialite","type":"Text","value":"","meta":{"checked":false,"helperText":"Optional specialty","width":0.5}},{"id":"a6506f29-8805-46aa-98db-57d56a4a7e9c","label":"spy","type":"Text","value":"","meta":{"checked":false,"helperText":"Optional specialty","width":0.5}},{"id":"c1ad3a74-cb8c-4ab3-880b-bf3b8800491e","label":"Skill notes<br>","type":"Text","value":"","meta":{"helperText":"You can record notes about your Skills here if you want.<br>"}}],"visibleOnCard":true}]},{"sections":[{"id":"5f0277ac-190a-4cad-a5cd-1a8e10f490f7","label":"instructions","blocks":[{"id":"a67748c9-113c-452e-a45b-c99e462d4056","label":"Adding Skills","type":"Text","value":"Check the box if you have the skill.\r\n\nSpecialties are optional.\n","meta":{}},{"id":"092a86ac-a3a1-4532-a328-07fe5989cf00","label":"Using Skills","type":"Text","value":"If you can use a Skill in a die roll, add 2 dice to the pool.\n\r\nIf you can use a Specialty as well, add 1 additional die to the pool.\n","meta":{}}]}]}]}]},{"id":"0409b8e0-d841-4836-bdfc-905a4a3e07c7","label":"Fighting Styles","rows":[{"columns":[{"sections":[{"id":"475e07f5-30b9-484e-b795-75ce265f8b15","label":"fighting styles","blocks":[{"id":"7bd17001-7480-4607-a387-d8135409f6d6","label":"Acrobat","type":"Text","value":"Reduce by 1 the cost to counter a Crisis move targeting only you.","meta":{"checked":false,"width":0.5,"helperText":""}},{"id":"80f1e2f3-277d-4abb-ad7d-e90766198fd7","label":"Ace","type":"Text","value":"Add 2 dice when you use a Vehicle power word to roll to advance any goal.","meta":{"checked":false,"width":0.5,"helperText":""}},{"id":"59421ef1-fc60-4ae0-a271-ec94a05ecc2b","label":"Brawler","type":"Text","value":"Add 2 dice when you use an unarmed attack to advance the Smash goal.","meta":{"checked":false,"width":0.5,"helperText":""}},{"id":"cd890846-7ca4-46c8-a9ae-5985eb1a5a90","label":"Controller","type":"Text","value":"Add 2 dice when you use a Power to advance the Outwit goal.","meta":{"checked":false,"width":0.5,"helperText":""}},{"id":"89800614-198a-46d1-b7a0-cf1c0862c495","label":"Demolisher","type":"Text","value":"Add 2 dice when you roll to advance the Smash Goal.","meta":{"checked":false,"width":0.5,"helperText":""}},{"id":"ba6d0ce9-ea10-4d90-9843-544488297d7b","label":"Find WEakness","type":"Text","value":"Add 2 dice when you roll with Suspense to advance the Smash Goal.","meta":{"checked":false,"width":0.5,"helperText":""}},{"id":"02b3f783-2ddc-46a9-9bf4-123221fd5aa9","label":"Frenzy","type":"Text","value":"Add 2 dice when you use any Personal power word to advance the Smash Goal.","meta":{"checked":false,"width":0.5,"helperText":""}},{"id":"1f0784a8-54e0-40fd-b3e8-d65f273bbad5","label":"guerilla","type":"Text","value":"Add 2 dice when you use a Scene power word to roll to advance any goal or add to the Teamwork Pool.","meta":{"checked":false,"width":0.5,"helperText":""}},{"id":"7ecdd2cb-73c4-4e0a-a4ae-e289466b22db","label":"Interceptor","type":"Text","value":"Reduce by 1 the cost to Take the Hit for someone else.","meta":{"checked":false,"width":0.5,"helperText":""}},{"id":"e85ed87d-d134-4fcf-a731-1c06301cf99c","label":"Inspiration","type":"Text","value":"Add 2 dice when you roll to add to the Teamwork Pool or advance the Allay goal.","meta":{"checked":false,"width":0.5,"helperText":""}},{"id":"06837657-68e0-4f14-baf2-6245ec81bd6e","label":"Harrier","type":"Text","value":"Add 2 dice when you use a Flight power word to roll to advance the Outwit goal.","meta":{"checked":false,"width":0.5,"helperText":""}},{"id":"e97d3721-0596-4cef-b269-0a4b8f886a05","label":"Jester","type":"Text","value":"Add 2 dice when you use humor to advance the Outwit goal against someone less funny than you.","meta":{"checked":false,"width":0.5,"helperText":""}},{"id":"79714389-a227-41cd-9565-f3b618d1e1f4","label":"Martial Artist","type":"Text","value":"Add 2 dice when you use an unarmed attack to advance the Outwit goal.","meta":{"checked":false,"width":0.5,"helperText":""}},{"id":"af4d1556-c87b-4d03-aa12-a79bd833a6d0","label":"Makeshift Weapons","type":"Text","value":"Add 2 dice when you use a scene power word to advance the Smash goal.","meta":{"checked":false,"width":0.5,"helperText":""}},{"id":"b8220365-46c0-426b-a15a-da875eb0d311","label":"meteor","type":"Text","value":"Add 2 dice when you use an unarmed attack to advance the Smash goal against someone who is slower than you.","meta":{"checked":false,"width":0.5,"helperText":""}},{"id":"ffb79ef2-c956-489b-a508-68ca5d4ca300","label":"Mediator","type":"Text","value":"Add 2 dice when you roll to advance the Allay Goal.","meta":{"checked":false,"width":0.5,"helperText":""}},{"id":"b8bb0664-39a3-4bf3-a3e9-48cf0e78b4c8","label":"Medic","type":"Text","value":"Add 2 dice when you roll to advance the Rescue or Allay goals.","meta":{"checked":false,"width":0.5,"helperText":""}},{"id":"48132418-78fc-4df8-80d9-403c26275398","label":"Non-Combatant","type":"Text","value":"You aren't skilled at fighting, but somehow manage to avoid the worst of a fight. You can spend 1 Might or 1 Success from the Teamwork Pool to counter any Crisis Move affecting only you.","meta":{"checked":false,"width":0.5,"helperText":""}},{"id":"f37c3610-6b33-4146-9924-69b446ec2a8c","label":"Rescuer","type":"Text","value":"Add 2 dice when you roll to advance the Rescue Goal.","meta":{"checked":false,"width":0.5,"helperText":""}},{"id":"c4a0df91-a25f-463e-b616-b00bef32890b","label":"Sharpshooter","type":"Text","value":"Add 2 dice when you use a ranged Weapon to advance the Smash goal.","meta":{"checked":false,"width":0.5,"helperText":""}},{"id":"3f64d2ee-cf94-44cf-8e04-b4d39769db55","label":"Submariner","type":"Text","value":"Add 2 dice when you roll to advance the Smash or Outwit goals while underwater. If you don't already know how to breathe underwater, you do now.","meta":{"checked":false,"width":0.5,"helperText":""}},{"id":"a5f29477-758d-426a-bb42-1f174fdaa6f3","label":"tactician","type":"Text","value":"Add 2 dice when you roll to add to the Teamwork Pool.","meta":{"checked":false,"width":0.5,"helperText":""}},{"id":"e3de95a3-b995-4815-8279-a6d5f89b1b8b","label":"warlord","type":"Text","value":"Whenever any hero rolls to add to the Teamwork Pool, they increase the effectiveness of their roll by the Volume as long as they can see or hear you.","meta":{"checked":false,"width":0.5,"helperText":""}},{"id":"d36b322b-2cbd-458e-bb83-0d5849348951","label":"weapon master","type":"Text","value":"Add 2 dice when you use a melee Weapon power word to roll to advance the Outwit goal.","meta":{"checked":false,"width":0.5,"helperText":""}}],"visibleOnCard":true}]},{"sections":[{"id":"233ec0f1-f186-40ef-aa3f-071608752be9","label":"instructions","blocks":[{"id":"51697a4a-6d49-4160-b06d-816814b1d55d","label":"Adding Fighting Styles","type":"Text","value":"Check the box if you have the Fighting Style.\n\r\nAll heroes get at least one Fighting Style; heroes with the Knight class get an extra Fighting Style.\n\nYou can add a new Fighting Style once per Volume; see the \"Advancements\" page.\r\n\nIn addition, some Class Abilities can give you additional Fighting Styles.\n\r\n","meta":{}}]}]}]}]},{"id":"b8ee6f4d-7bb4-4d57-b0f3-b4fe364d540d","label":"Abilities","rows":[{"columns":[{"sections":[{"id":"144185dc-53d8-49f9-a10a-6c0d01a509ee","label":"Prime Ability","blocks":[{"id":"fd09ae4b-cf5f-4351-a045-b8173f2a8f6b","label":"ability name","type":"Text","value":"","meta":{"width":0.5}},{"id":"9912eaf8-0310-45f8-8dda-76ccadb9e0c1","label":"class","type":"Text","value":"","meta":{"width":0.5,"helperText":"Same as your hero Class.<br>"}},{"id":"cfecef38-8595-445a-9a42-b5ef85ae4fae","label":"description","type":"Text","value":"","meta":{}}],"visibleOnCard":true},{"id":"f454ddc0-325c-4ac1-9be3-30259d82b4b2","label":"Volume one abilities","blocks":[{"id":"183aa0a1-6ebc-47a8-a470-333e5f214994","label":"ability name","type":"Text","value":"","meta":{"checked":false,"width":0.5,"helperText":"Check if this is a variant of another Ability."}},{"id":"702fcbb3-5d15-4844-84df-f8eba574f36a","label":"class","type":"Text","value":"","meta":{"checked":false,"width":0.5,"helperText":"Most likely your hero Class.<br>Check if this is a Crossover ability.<br>"}},{"id":"393ea831-bd86-457a-8cf3-1d06d34c5f6e","label":"description","type":"Text","value":"","meta":{}},{"id":"b42f442c-cda2-4d6d-b9dc-98b265c57e71","label":"","type":"Separator","meta":{"hasLabel":false},"value":""},{"id":"aabfe4b3-4193-4ffa-98e4-77585ad0a686","label":"ability name","type":"Text","value":"","meta":{"checked":false,"width":0.5,"helperText":"Check if this is a variant of another Ability."}},{"id":"d9fa1f05-d660-4c92-b268-0fcc58d05798","label":"class","type":"Text","value":"","meta":{"checked":false,"width":0.5,"helperText":"Most likely your hero Class. <br>Check if this is a Crossover ability."}},{"id":"fafdbfce-9ce4-415e-9125-19f3d5ad1d96","label":"description","type":"Text","value":"","meta":{}}],"visibleOnCard":true},{"id":"0c360f1d-4081-4d0f-8e2e-e2cd2e7ca5be","label":"Volume two Abilities","blocks":[{"id":"ff82d354-96e1-4e41-bdc1-b1793ef02f2a","label":"ability name","type":"Text","value":"","meta":{"checked":false,"width":0.5,"helperText":"Check if this is a variant of another Ability."}},{"id":"428d2d2c-31bb-4764-9cb4-dc609dc54df5","label":"class","type":"Text","value":"","meta":{"checked":false,"helperText":"Most likely your hero Class.<br>Check if this is a Crossover ability.<br>","width":0.5}},{"id":"1892a6b0-d07c-4543-b5ed-ffb8ebaeba58","label":"description","type":"Text","value":"","meta":{}}],"visibleOnCard":true},{"id":"f19735b5-19a3-410a-aecb-64dfbc1228ae","label":"Volume three abilities","blocks":[{"id":"a9f60be3-12ca-492c-a4fd-e9cbc4578267","label":"ability name","type":"Text","value":"","meta":{"checked":false,"width":0.5,"helperText":"Check if this is a variant of another Ability."}},{"id":"83772f0e-3456-4ebe-a5f2-81d619b13c81","label":"class","type":"Text","value":"","meta":{"checked":false,"helperText":"Most likely your hero Class.<br>Check if this is a Crossover ability.<br>","width":0.5}},{"id":"0f002b85-a326-4bab-b170-cabb65e8837b","label":"description","type":"Text","value":"","meta":{}}],"visibleOnCard":true},{"id":"de60ee2d-7393-47a8-a5f9-8382740d9428","label":"Volume four abilites","blocks":[{"id":"103527c5-0301-41cd-8282-887d0cff4e9f","label":"ability name","type":"Text","value":"","meta":{"checked":false,"width":0.5,"helperText":"Check if this is a variant of another Ability."}},{"id":"255c7cfd-0183-46db-8f5e-4c5da49e904c","label":"class","type":"Text","value":"","meta":{"checked":false,"helperText":"Most likely your hero Class.<br>Check if this is a Crossover ability.<br>","width":0.5}},{"id":"3eb69321-5f96-433d-8e60-49959b9a3e04","label":"description","type":"Text","value":"","meta":{}}],"visibleOnCard":true},{"id":"fa76efbf-e42f-4f18-99ff-6a422ecab21b","label":"volume five abilities","blocks":[{"id":"2f493986-3bc2-4ca2-ad5f-307334651e78","label":"ability name","type":"Text","value":"","meta":{"checked":false,"width":0.5,"helperText":"Check if this is a variant of another Ability."}},{"id":"e3b3a3f7-abea-4f9a-ae5e-c61df71c208a","label":"class","type":"Text","value":"","meta":{"checked":false,"helperText":"Most likely your hero Class.<br>Check if this is a Crossover ability.<br>","width":0.5}},{"id":"90a25be2-2454-4fa8-a64c-65a235ea8482","label":"description","type":"Text","value":"","meta":{}}],"visibleOnCard":true}]},{"sections":[{"id":"c00fcda6-e7c5-406c-99b6-db7528083b73","label":"instructions","blocks":[{"id":"7f9b74fa-9d70-4c8b-89c2-cb63d6bc7c07","label":"Recording Abilities","type":"Text","value":"You get one Prime Ability from your hero Class.\n\r\nBefore Volume 1, choose two Abilities.\n\nBefore each subsequent Volume, choose one Ability.\n\r\n","meta":{}},{"id":"26417c3d-5c0a-41f4-8a49-ea399ad64670","label":"Variants","type":"Text","value":"You can choose each Ability only once; a Variant of another Ability is considered that Ability in addition to itself.","meta":{}},{"id":"03a9fc78-e8f6-42c3-8818-08b855ca81c6","label":"Arsenal Abilities","type":"Text","value":"You can have only one Arsenal ability.","meta":{}},{"id":"db950482-3e58-4734-a5e2-1952d352e25b","label":"Hero Cave Abilities","type":"Text","value":"You can have only one Hero Cave ability.","meta":{}},{"id":"c5fc0d2c-06f3-4c96-84e6-9533d7b219cb","label":"Pet Abilities","type":"Text","value":"You can have only one Pet ability.","meta":{}}]}]}]}]},{"id":"df4ba0b5-df96-4e7b-bf70-22485495cee1","label":"Ideals &amp; Opportunity","rows":[{"columns":[{"sections":[{"id":"8c3f3118-4f8d-49b8-b748-2c2608c7de3d","label":"IDeals","blocks":[{"id":"2cfd5719-578f-460e-a662-f23b93dd241c","label":"Ideal 1","type":"Text","value":"","meta":{"checked":false,"width":0.5,"helperText":"Check when marked"}},{"id":"bf1d229f-6c93-4340-9ad4-ccfc9da5cf49","label":"Ideal 2","type":"Text","value":"","meta":{"checked":false,"width":0.5,"helperText":"Check when marked"}},{"id":"dbd5d0f4-5e6a-4002-bba3-0a525b018a22","label":"Ideal 4","type":"Text","value":"","meta":{"checked":false,"width":0.5,"helperText":"Check when marked"}},{"id":"2e6780dd-9144-45cc-a07b-21877fce1ad9","label":"Ideal 3","type":"Text","value":"","meta":{"checked":false,"width":0.5,"helperText":"Check when marked"}},{"id":"01bb7af4-f322-49bd-a007-48c2745442ec","label":"Ideal 5","type":"Text","value":"","meta":{"checked":false,"width":0.5,"helperText":"Check when marked"}},{"id":"03de3e4e-5437-4350-b215-a24cf72b01b6","label":"Ideals Notes<br>","type":"Text","value":"","meta":{"helperText":"You can use this space to record notes about your Ideals."}}],"visibleOnCard":true},{"id":"21c004ab-d667-4fda-b85a-32465873f8d4","label":"storyline","blocks":[{"id":"769642ee-c32c-4566-8bba-e4aa45fe9be7","label":"opportunity","type":"Text","value":"","meta":{"checked":false,"helperText":"Check when achieved"}},{"id":"505270c9-f81a-4b0e-9189-a1119c5731a6","label":"storyline Notes<br>","type":"Text","value":"","meta":{"helperText":"You can record notes about the current, past, or future Storylines here."}}],"visibleOnCard":true}]},{"sections":[{"id":"e6b215e8-8756-4f4c-a872-13c5f905afee","label":"ideal instructions","blocks":[{"id":"50dadb75-dc6c-42fe-8cb5-f5cf3e109714","label":"Choosing Ideals","type":"Text","value":"Each Ideal is a single word.\n\nYou can choose freely; there is no fixed list.\n","meta":{}},{"id":"bc5e098b-4944-49b5-ac6d-8b8d6a6fd8d4","label":"Using Ideals","type":"Text","value":"You can include an Ideal in a die roll; when you do, add 2 dice to the dice pool and mark off the Ideal.\n\r\nAlternately, you can mark off an Ideal at the end of a Vignette that focuses on that Ideal.\n","meta":{}},{"id":"5e08e1b1-d8c5-4d9d-b7c8-e84547f8ca6e","label":"Unlocking Nova Power Words","type":"Text","value":"When all five of your Ideals are marked off during a Storyline, you unlock your Nova Power Words until the end of the Storyline.\n\r\nCheck the \"Nova Power Words\" checkbox on the \"Power Words\" page.\n\nIn addition, when you unlock all five Ideals, your Might is reset to its maximum value. Make this change on the \"Basics\" page.\n\r\n","meta":{}}]},{"id":"15fbfe7d-58f1-495b-8582-f26a4d132794","label":"Storyline instructions","blocks":[{"id":"182f553c-77b5-4e13-a0d8-58df0b93f478","label":"Picking An Opportunity","type":"Text","value":"At the start of each Volume, choose one scenario or situation you'd like your hero to face.\n\r\nWhen you are the Storyline Hero, check off Opportunity at the end of the Storyline.\n","meta":{}},{"id":"615b86ca-c9b6-4cd9-9aee-faaf2edf06e2","label":"Changing Your Opportunity","type":"Text","value":"If you haven't checked off your Opportunity yet, you can change it to something else between Storylines.","meta":{}},{"id":"564c44eb-0097-4bb1-ad7c-bac0ad6a68a0","label":"opportunity thoughts &amp; Plans<br>","type":"Text","value":"","meta":{"helperText":"You can record notes about future Opportunities for your Hero here."}}]}]}]}]},{"id":"3939bd27-c04d-46a7-8454-6bead681db88","label":"advancements","rows":[{"columns":[{"sections":[{"id":"1680d666-cd6b-48f0-bd0a-41fdb1608f4f","label":"Advancements","blocks":[{"id":"96308ac2-eec3-4e1c-9646-6c8d2efa1db2","label":"Template instructions","type":"Separator","meta":{"hasLabel":true,"helperText":"In Advanced Mode, click \"Copy\" next to the Advancements line above to copy this template.<br><br>Then you can delete these instructions.<br>"},"value":""},{"id":"36b0ac7c-a9ba-415e-81e5-148055082ef8","label":"Increase Your HEalth","type":"Text","value":"","meta":{"helperText":"Add +1 Health on the \"Basics\" page.","width":0.5}},{"id":"cf093a3a-545b-47c5-a40a-48c556a76377","label":"Increase your might","type":"Text","value":"","meta":{"helperText":"Add +1 Might on the \"Basics\" page.","width":0.5}},{"id":"0be1e11a-8054-43d4-b485-99eca9be45eb","label":"Add a Skill","type":"Text","value":"","meta":{"checked":false,"helperText":"Can only be chosen once per Volume.<br><br>Add the new Skill on the \"Skills\" page.<br>","width":0.5}},{"id":"f4c6bd5b-7255-48a9-9a99-17e2a1ff7b96","label":"Add a fighting style","type":"Text","value":"","meta":{"checked":false,"helperText":"Can only be chosen once per Volume.<br><br>Add the new Style on the \"Fighting Styles\" page.<br>","width":0.5}},{"id":"d72d4b30-3acb-4100-b4fa-b00d08555a7e","label":"Add a Class Power Word","type":"Text","value":"","meta":{"helperText":"Can only be chosen from your class's Personal Power Words list.<br><br>Add the new word on the \"Power Words\" page.<br>","width":0.5}},{"id":"64175f67-649b-4990-9431-0dd7131b4743","label":"Add any power word","type":"Text","value":"","meta":{"checked":false,"helperText":"Can only be chosen once per Volume.<br><br>Can be from any class's Personal Power Words list.<br><br>Add the new word on the \"Power Words\" page.<br>","width":0.5}},{"id":"17b6bf43-6df1-45a2-a4bf-c97156517560","label":"Notes","type":"Text","value":"","meta":{"helperText":"Use this to record miscellaneous notes about Advancements."}}]}]},{"sections":[{"id":"a2684dfd-ab88-43a8-8b2b-73a094a758f1","label":"Storyline advancement Instructions","blocks":[{"id":"bbaa47b0-9f62-49e6-a523-6debbb51d838","label":"Recording Advancements","type":"Text","value":"At the end of each Storyline, choose one Advancement.\n\r\nSome Advancements can only be chosen once per Volume; check those off when you pick an Advancement with a checkbox.\n","meta":{}},{"id":"15be7692-28df-483b-912b-7cc87887d4b2","label":"Post-Storyline Changes","type":"Text","value":"After any Storyline, you can make these changes to your Hero:\n\r\n- Change one of your Ideals to any other word.\n- Change your Opportunity if you haven't already completed your Storyline.\n\r\n","meta":{}},{"id":"35b8ca8d-9e34-40e3-a821-e63360b1ddf2","label":"Spotlight Advancement","type":"Text","value":"At the end of a Storyline where you are the Spotlight Hero, increase one Approach of your choice by 1.","meta":{}}]},{"id":"9c26d0e0-f46b-43f3-bb12-40d89110da1b","label":"volume advancement instructions","blocks":[{"id":"24568a9d-6453-430d-bce9-5c45731905a9","label":"volume advancements","type":"Separator","meta":{"hasLabel":true,"helperText":"Before the start of a new volume, do BOTH of the following:<br>- Pick a new Class ability from the new Volume or a previous Volume.\n<br>- Create a new Opportunity for the new Volume.<br>"},"value":""},{"id":"74bff534-1883-467c-8cf2-57994d74577e","label":"volume changes","type":"Separator","meta":{"hasLabel":true,"helperText":"In additional, you can choose one or more of the following changes to your hero between Volumes:<br>- Switch one of your Personal Power Words for another from your class.\n<br>- Switch your Fighting Style to any other Fighting Style.\n<br>- Switch one of your Skill choices for another Skill.\n<br>- Change your Nova Words to any other two words.\n<br>- Choose a new Costume, Symbol, or Hero Name.<br>"},"value":""}]}]}]}]},{"id":"d7086506-536c-43b5-b58e-c24a7879f33c","label":"crisis countdown","rows":[{"columns":[{"sections":[{"id":"1e8b46f3-e71b-4ee3-9d58-e953869588f9","label":"step 5: set the scene","blocks":[{"id":"447cd1e4-5731-4ec1-9211-1b70a8b3a8f8","label":"the editor sets the scene","type":"Separator","meta":{"hasLabel":true,"helperText":"At the start of a Crisis, the Editor describes the scene where the Crisis is taking place, and lists the Scene Power Words.<br>You can suggest additional power words if you want.<br>"},"value":""},{"id":"b85b698f-5f9b-4ca0-a08d-c0c7fb0119c4","label":"notes: scene power words","type":"Text","value":"","meta":{"helperText":"You can record the Scene Power Words here."}},{"id":"8ded224c-dbd4-43a7-bcea-8341660c0d8e","label":"other scene notes","type":"Text","value":"","meta":{"helperText":"If you want to take other notes about the scene, you can record those here."}}],"visibleOnCard":true},{"id":"a708ecd1-6c12-4560-990e-33b2f9c4aa18","label":"step 4: hero roll-call","blocks":[{"id":"33956eac-74ae-44e8-91cc-0d373488ec03","label":"who is present?","type":"Separator","meta":{"hasLabel":true,"helperText":"In this step, the Editor and the players decide which Heroes are present at a scene (or nearby), and who is not."},"value":""},{"id":"0b54eec7-c57c-47b8-9a6e-8c103e19b2da","label":"are you there?","type":"Text","value":"","meta":{"checked":false,"width":0.5,"helperText":"Check the box if your Hero is present at the scene."}},{"id":"53517dd4-6a85-4d59-8f32-23375c22d3f3","label":"other heroes present","type":"Text","value":"","meta":{"helperText":"You can record the names of other Heroes who are present at scene if you wish.","width":0.5}},{"id":"13812544-2b14-4980-b976-afa8cf601c4f","label":"arriving late","type":"Separator","meta":{"hasLabel":true,"helperText":"If your Hero isn't present for a Crisis, you can take the Timely Arrival move during the Hero Phase.<br>Timely Arrival costs 5 from the Teamwork pool, but this number decreases by 1 after each Crisis Phase.<br>If 2 or more Heroes aren't present, any Hero who IS present can take the General Alert move during the Hero Phase. The cost is 1 from the Teamwork Pool per missing Hero; they arrive at the start of the NEXT Hero Phase.<br>"},"value":""},{"id":"2cd6206c-32c3-4e0d-a0b8-248f17b72b9c","label":"other heroes not present","type":"Text","value":"","meta":{"helperText":"You can record the names of other Heroes who aren't present here, if you want.","width":0.5}},{"id":"4b541090-e942-4101-8af0-2840a357d8cd","label":"Timely arrival cost","type":"SlotTracker","meta":{"helperText":"You can use this Tracker to note the cost of the Timely Arrival move.","width":0.5,"asClock":false},"value":[{"label":"5","checked":true},{"label":"4","checked":false},{"label":"3","checked":false},{"label":"2","checked":false},{"label":"1","checked":false}]}],"visibleOnCard":true},{"id":"fee4bffe-607e-4e77-bc9d-454cc477ac38","label":"step 3: define the goals","blocks":[{"id":"86431349-24f5-44c2-91c7-abd9b79aadec","label":"editor defines the goals","type":"Separator","meta":{"hasLabel":true,"helperText":"At this step of the Crisis Countdown, the Editor defines which of four goals can be advanced in this scene, and what it takes to advance each one.<br>Once five goals (in any combination) are advanced, the Crisis is resolved.<br>You can use this section to record the information about Goals given to you by the Editor.<br>"},"value":""},{"id":"7fc07a61-c28e-4f56-83c2-e959f6a731f8","label":"total goals advanced","type":"SlotTracker","meta":{"helperText":"You can track how many goals have been advanced by using this tracker."},"value":[{"label":"1","checked":false},{"label":"2","checked":false},{"label":"3","checked":false},{"label":"4","checked":false},{"label":"5","checked":false}]},{"id":"8e7073b8-c0ec-479b-9f99-3e387f785680","label":"smash","type":"Numeric","value":"3","meta":{"checked":false,"helperText":"Check the box if this goal CANNOT be advanced during this Crisis.","width":0.5}},{"id":"1cd4f21f-eafc-449d-8157-5255c6172260","label":"SMASH ADVANCE EFFECT","type":"Text","value":"","meta":{"helperText":"Some Crises have special effects that happen when this goal is advanced. You can record that information here.","width":0.5}},{"id":"869de19b-2ff7-4af9-8df6-95cf3ceec091","label":"outwit","type":"Numeric","value":"3","meta":{"checked":false,"helperText":"Check the box if this goal CANNOT be advanced during this Crisis.","width":0.5}},{"id":"a725a302-7047-43a5-991f-25449f6729c9","label":"outwit ADVANCE EFFECT","type":"Text","value":"","meta":{"helperText":"Some Crises have special effects that happen when this goal is advanced. You can record that information here.","width":0.5}},{"id":"1273e516-7cf0-4b07-8cb0-9578001f64f2","label":"allay","type":"Numeric","value":"3","meta":{"checked":false,"helperText":"Check the box if this goal CANNOT be advanced during this Crisis.","width":0.5}},{"id":"31e15cc3-b9b3-48a4-8baa-b69b72658e9c","label":"allay ADVANCE EFFECT","type":"Text","value":"","meta":{"helperText":"Some Crises have special effects that happen when this goal is advanced. You can record that information here.","width":0.5}},{"id":"0e4ce8bb-0e58-4fdd-91b9-817e18718faa","label":"rescue","type":"Numeric","value":"3","meta":{"checked":false,"helperText":"Check the box if this goal CANNOT be advanced during this Crisis.","width":0.5}},{"id":"6db3c236-5b29-4b94-9043-0b4bc27c8e5e","label":"rescue ADVANCE EFFECT","type":"Text","value":"","meta":{"helperText":"Some Crises have special effects that happen when this goal is advanced. You can record that information here.","width":0.5}},{"id":"6bff0ee8-5c33-4af9-ae66-0740c41ff0d1","label":"Goal Notes<br>","type":"Text","value":"","meta":{"helperText":"You can record miscellaneous notes about Goals here."}}],"visibleOnCard":true},{"id":"db51cd7e-8f75-4a86-92e9-9146e1347d69","label":"Step 2: assemble the Teamwork pool","blocks":[{"id":"7a0b91da-1a77-46d2-bf65-49763d07ade9","label":"heroes, assemble!","type":"Separator","meta":{"hasLabel":true,"helperText":"When the Crisis starts, every player makes a roll to build the initial Teamwork Pool. The Teamwork Pool is an abstract way of describing the factors that give the heroes the upper hand in resolving a Crisis.\n<br>\n<br>If your hero is present at the scene of a Crisis, describe how your hero reacts when they become aware of the Crisis, and then make a roll using an Approach related to that reaction. Add the Effectiveness of that roll to the Teamwork Pool, along with the successes the other players roll for their heroes.\n<br>\n<br>If your hero is NOT on the Scene, add 1 to the Teamwork Pool when it's being formed. During the Hero Phase of the Crisis, the heroes can spend from the Teamwork Pool to call in the remaining heroes.<br>"},"value":""},{"id":"287edc86-da5e-40fc-9b34-640450d578e5","label":"teamwork pool<br>","type":"PointCounter","meta":{"isMainPointCounter":false,"helperText":"You can use this to track the Teamwork Pool.","width":0.5},"value":"0"}],"visibleOnCard":true},{"id":"777ce931-6691-4f4c-a0b2-531e1ec9e5c6","label":"Step 1: the crisis begins!","blocks":[{"id":"f2ea222e-ced3-441f-8b7a-87a7e1ac6754","label":"The final countdown","type":"Separator","meta":{"hasLabel":true,"helperText":"After this step, the Crisis begins with the Hero Phase, which is then followed by the Crisis Phase.<br>"},"value":""},{"id":"c3e10498-3bc0-455e-9473-60ff60929fbe","label":"reset might and health","type":"Separator","meta":{"hasLabel":true,"helperText":"Be sure to go to the \"Basics\" page and reset your Health and Might to their maximum values!<br>"},"value":""},{"id":"3f17df12-8db7-45d3-9261-284e38a67834","label":"your other end-of-countdown effects<br>","type":"Text","value":"","meta":{"helperText":"Some Abilities may go off at this point. If you have an Ability that says it takes effect at the end of a Crisis Countdown, you can record that here so you don't forget about it."}}],"visibleOnCard":true}]},{"sections":[{"id":"1dc8bde0-226d-4bb5-8d91-b0bcffde32a2","label":"instructions","blocks":[{"id":"df7187db-2685-4800-babe-d0209c751686","label":"countdown reference","type":"Separator","meta":{"hasLabel":true,"helperText":"This is a reference to the Crisis Countdown process."},"value":""}]}]}]}]},{"id":"8a9ee5a9-40d8-4645-8e0e-c739a547feac","label":"credits &amp; Links<br>","rows":[{"columns":[{"sections":[{"id":"3f886cc8-76c6-48b2-9a32-4a994977ec71","label":"credits on infinite earths","blocks":[{"id":"657bf07f-404d-40a6-90a2-2cc89174a0e2","label":"Cosmic Legends of the Universe on itch.io","type":"Link","meta":{"hasDisplayName":true,"helperText":"CLotU was created by Cadera Spindrift.<br>"},"value":"https://spindriftgames.itch.io/cosmic-legends-of-the-universe"},{"id":"42727a73-3dbd-4a38-9283-7e4141d7a9bf","label":"Harmony Drive SRD","type":"Link","meta":{"hasDisplayName":true,"helperText":"CLotU is based on the Harmony Drive system from Cat McDonald and Peach Garden Games, and is licensed for use under the Creative Commons Attribution 3.0 Unported license."},"value":"https://peachgardengames.itch.io/harmony-drive"},{"id":"9583f62c-69f8-4e57-87ba-7ac6e269294b","label":"SpindriftGames on Twitter","type":"Link","meta":{"hasDisplayName":true,"helperText":"This character sheet template was created by Dera Spindrift of Spindrift Games.<br>"},"value":"https://twitter.com/SpindriftGames"},{"id":"def697d9-02aa-4e42-8221-86e6e8af5828","label":"Discord Invite","type":"Link","meta":{"hasDisplayName":true,"helperText":"An invite to the CLotU discord server."},"value":"https://discord.gg/hpJ4yCQUVY"}]}]},{"sections":[]}]}]}],"version":5,"fariType":"character"}