{"id":"24b6822d-7773-4138-bc4b-38f7c8a8d4c2","name":"CLotU Scene","group":"Cosmic Legends","indexCards":{"public":[{"id":"51edc032-6774-4579-9b60-25a811695ec3","titleLabel":"Index Card","title":"Current Spotlight","contentLabel":"Notes","content":"","color":"#aecbfa","playedDuringTurn":false,"pinned":false,"blocks":[{"id":"e19c84bf-7d9c-44bf-bafa-8b28ebffe2a5","label":"hero name<br>","type":"Text","value":"","meta":{}},{"id":"d62fb9a7-eb75-4c8b-8819-330fb7989690","label":"opportunity (check if met)<br>","type":"Text","value":"","meta":{"checked":false}}],"subCards":[],"sub":false},{"id":"d8e1553b-8d20-41d7-824c-fbc01cb97ac2","titleLabel":"Index Card","title":"Scene Words","contentLabel":"Notes","content":"Duplicate the \"Word\" field below to add more Scene Words.","color":"#fbbc04","playedDuringTurn":false,"pinned":false,"blocks":[{"id":"3a686473-8581-48e9-b3e1-fcc36fbada85","label":"word<br>","type":"Text","value":"","meta":{}}],"subCards":[],"sub":false},{"id":"555755e2-fe5e-413f-bff2-95a14f77397e","titleLabel":"Index Card","title":"Crisis Moves","contentLabel":"Notes","content":"","color":"#cbf0f8","playedDuringTurn":false,"pinned":false,"blocks":[{"id":"390752b3-5ae7-40e8-8668-428b805f4c3c","label":"Moves taken","type":"SlotTracker","meta":{},"value":[{"label":"","checked":false},{"label":"","checked":false},{"label":"","checked":false},{"label":"","checked":false},{"label":"","checked":false}]}],"subCards":[{"id":"93b2620e-4394-4c80-a53f-49fb8ecf3b0c","titleLabel":"Crisis Move:","title":"Name","contentLabel":"usage notes:<br>","content":"Duplicate this card to add more Crisis Moves.","color":"#fff","playedDuringTurn":false,"pinned":false,"blocks":[{"id":"f125307b-2571-4f5d-9261-511d6307fef8","label":"counter cost (check when used)<br>","type":"Numeric","value":"1","meta":{"checked":false}},{"id":"4cb3a6ef-1a62-4354-8e9d-94a1f5f9343c","label":"effect description<br>","type":"Text","value":"","meta":{}},{"id":"64aa1839-dde4-41ad-9eda-bda9ae578465","label":"affects (check if \"all heroes\")<br>","type":"Text","value":"","meta":{"checked":false}}],"subCards":[],"sub":true}],"sub":false},{"id":"6a621b6d-e6fc-4ab7-a0a8-f404b9d3f661","titleLabel":"<br>","title":"Timely Arrival","contentLabel":"Notes","content":"Tracking the cost (from the Teamwork Pool) of the Timely Arrival move by players.<br>Decrease this cost by one at the end of each Crisis Move.<br>","color":"#fff475","playedDuringTurn":false,"pinned":true,"blocks":[{"id":"bf4f525b-2d33-4105-94c1-82c4fd190ec8","label":"Slot Tracker","type":"SlotTracker","meta":{},"value":[{"label":"5","checked":true},{"label":"4","checked":false},{"label":"3","checked":false},{"label":"2","checked":false},{"label":"1","checked":false}]}],"subCards":[],"sub":false},{"id":"58992a6a-0427-48ce-b0ca-dc2de91d435c","titleLabel":"<br>","title":"Teamwork Pool<br>","contentLabel":"Notes","content":"Used to track the current Teamwork Pool.","color":"#ccff90","playedDuringTurn":false,"pinned":true,"blocks":[{"id":"9c57efbc-83b1-47b6-875a-c4fa083391d6","label":"Teamwork Pool tracker","type":"PointCounter","meta":{"isMainPointCounter":false},"value":"0"}],"subCards":[],"sub":false},{"id":"57dfec78-95a6-45bd-8824-a1f74b8cc48d","titleLabel":"<br>","title":"Goals<br>","contentLabel":"Notes","content":"Check the goal if it CANNOT be advanced during this Crisis","color":"#f28b82","playedDuringTurn":false,"pinned":false,"blocks":[{"id":"6048a3b2-1d5f-4db3-981c-0a00d03c3bc4","label":"smash goal<br>","type":"Numeric","value":"3","meta":{"checked":false}},{"id":"16273bad-b4c1-4b27-a172-63c9bdab2a1c","label":"smash goal description<br>","type":"Text","value":"","meta":{}},{"id":"ad5d6d45-637d-4319-9f1e-ea386cd119d7","label":"smash advance effects<br>","type":"Text","value":"","meta":{}},{"id":"1e861a24-a1d7-41c5-a949-53cb0caf23e4","label":"outwit goal<br>","type":"Numeric","value":"3","meta":{"checked":false}},{"id":"ac38e115-0be2-4a09-a775-c9f1ec5c1271","label":"outwit goal description<br>","type":"Text","value":"","meta":{}},{"id":"f1d8370f-ca19-4207-8c63-840b4aed3445","label":"outwit advance effects<br>","type":"Text","value":"","meta":{}},{"id":"372e301e-1bf9-4618-bff5-4759fa8e4f17","label":"allay goal<br>","type":"Numeric","value":"3","meta":{"checked":false}},{"id":"9b501e55-8b97-4f31-8541-b1a87b85edb6","label":"allay goal description<br>","type":"Text","value":"","meta":{}},{"id":"b46c79f7-3eb8-497a-b1b2-974d45965b0d","label":"allay advance effects<br>","type":"Text","value":"","meta":{}},{"id":"fe3abba1-e48a-4d52-8608-7fdf447fcd65","label":"rescue goal<br>","type":"Numeric","value":"3","meta":{"checked":false}},{"id":"d0cba182-490e-4c1a-9f25-a41c2fa2ced8","label":"rescue goal description<br>","type":"Text","value":"","meta":{}},{"id":"c892799c-b552-4320-9dfc-2ba82a592a2b","label":"rescue advance effects<br>","type":"Text","value":"","meta":{}},{"id":"99991951-2f73-41c7-9d4c-c1edb57e3bb9","label":"total goals advanced<br>","type":"SlotTracker","meta":{"asClock":true},"value":[{"label":"","checked":false},{"label":"","checked":false},{"label":"","checked":false},{"label":"","checked":false},{"label":"","checked":false}]}],"subCards":[],"sub":false}],"private":[]},"lastUpdated":1646822648,"version":2,"fariType":"scene"}